Title,Year,Type,Price,Engine type,Gearbox_type,Power_unit,Milage,City
Opel Astra,2011-08,Hečbekas,4500,Benzinas,Mechaninė,"1.6 l.,         85  kW",121000,Kaišiadorys
Opel Astra,2010-01,Universalas,2150,Dyzelinas,Mechaninė,"1.9 l.,         110  kW",220000,Jurbarkas
Opel Astra,2010-12,Hečbekas,2750,Benzinas,Mechaninė,"1.6 l.,         85  kW",110000,Kaunas
Opel Astra,2011-11,Universalas,3000,Dyzelinas,Mechaninė,"1.7 l.,         92  kW",309960,Vilnius
Opel Astra,2010-09,Hečbekas,3000,Benzinas,Mechaninė,"1.4 l.,         103  kW",160000,Kaunas
Opel Astra,2010-10,Hečbekas,3200,Dyzelinas,Mechaninė,"1.7 l.,         92  kW",245000,Šiauliai
Opel Astra,2011-10,Universalas,3490,Dyzelinas,Mechaninė,"1.7 l.,         81  kW",255000,Kaunas
Opel Astra,2013-11,Universalas,3699,Dyzelinas,Mechaninė,"1.7 l.,",240000,Šiauliai
Opel Astra,2012-05,Universalas,3750,Dyzelinas,Mechaninė,"1.7 l.,         81  kW",276000,Kaunas
Opel Astra,2011,Universalas,3800,Dyzelinas,Mechaninė,"1.7 l.,         81  kW",272796,Vilnius
Opel Astra,2012-10,Hečbekas,3850,Dyzelinas,Mechaninė,"1.7 l.,         81  kW",253000,Utena
Opel Astra,2011,Universalas,3950,Dyzelinas,Mechaninė,"1.7 l.,         92  kW",255400,Utena
Opel Astra,2013-11,Universalas,3980,Dyzelinas,Mechaninė,"1.7 l.,         81  kW",215000,Marijampolė
Opel Astra,2012-11,Hečbekas,4150,Dyzelinas,Mechaninė,"1.7 l.,",220000,Šiauliai
Opel Astra,2012-06,Universalas,4290,Dyzelinas,Mechaninė,"1.7 l.,         92  kW",240000,Utena
Opel Astra,2010-01,Hečbekas,4299,Dyzelinas,Mechaninė,"1.7 l.,         92  kW",181830,Kretinga
Opel Astra,2010-09,Hečbekas,4750,Dyzelinas,Mechaninė,"2.0 l.,         118  kW",200000,Vilnius
Opel Astra,2012-10,Kupė (Coupe),4750,Benzinas,Mechaninė,"1.4 l.,         103  kW",214000,Ukmergė
Opel Astra,2015-09,Universalas,4850,Benzinas / dujos,Mechaninė,"1.4 l.,         103  kW",210000,Kaunas
Opel Astra,2014-12,Universalas,4900,Dyzelinas,Mechaninė,"1.7 l.,",167000,Vilnius
Opel Astra,2011-03,Hečbekas,4950,Benzinas,Mechaninė,"1.6 l.,         85  kW",182337,Kaunas
Opel Astra,2017-05,Universalas,5200,Dyzelinas,Mechaninė,"1.6 l.,         81  kW",260000,Tauragė
Opel Astra,2015-08,Hečbekas,5250,Dyzelinas,Mechaninė,"1.6 l.,         81  kW",201000,Utena
Opel Astra,2011-05,Hečbekas,5300,Benzinas,Automatinė,"1.6 l.,         85  kW",207000,Utena
Opel Astra,2011-12,Universalas,5400,Benzinas,Automatinė,"1.4 l.,         103  kW",158537,Vilnius
Opel Astra,2015-03,Universalas,5500,Dyzelinas,Automatinė,"2.0 l.,         121  kW",128113,Kaunas
Opel Astra,2015-06,Universalas,5799,Dyzelinas,Mechaninė,"1.6 l.,         81  kW",191815,Kėdainiai
Opel Astra,2016-06,Universalas,5950,Dyzelinas,Mechaninė,"1.6 l.,         81  kW",181000,Kaunas
Opel Astra,2015-05,Universalas,5999,Dyzelinas,Mechaninė,"2.0 l.,         121  kW",268478,Kretinga
Opel Astra,2016-09,Sedanas,6500,Benzinas,Mechaninė,"1.4 l.,         103  kW",100102,Plungė
Opel Astra,2016-06,Universalas,6750,Dyzelinas,Mechaninė,"1.6 l.,         81  kW",246000,Kaunas
Opel Astra,2017-10,Universalas,6897,Dyzelinas,Mechaninė,"1.6 l.,         81  kW",188000,Kaunas
Opel Astra,2018-01,Universalas,6950,Dyzelinas,Mechaninė,"1.6 l.,         81  kW",232000,Kaunas
Opel Astra,2019-03,Universalas,7750,Dyzelinas,Mechaninė,"1.6 l.,         81  kW",202000,Kretinga
Opel Astra,2016-02,Hečbekas,7950,Dyzelinas,Mechaninė,"1.6 l.,         81  kW",134946,Kaunas
Opel Astra,2017-12,Hečbekas,8000,Dyzelinas,Mechaninė,"1.6 l.,         100  kW",193305,Tauragė
Opel Astra,2016,Universalas,8100,Dyzelinas,Mechaninė,"1.6 l.,         81  kW",216599,Vilnius
Opel Astra,2019-07,Universalas,8349,Benzinas,Mechaninė,"1.0 l.,         77  kW",188000,Kaunas
Opel Astra,2018-02,Universalas,8349,Dyzelinas,Mechaninė,"1.6 l.,         100  kW",197000,Kaunas
Opel Astra,2018-03,Universalas,8349,Dyzelinas,Mechaninė,"1.6 l.,         100  kW",213000,Kaunas
Opel Astra,2019-01,Universalas,8400,Benzinas,Mechaninė,"1.4 l.,         110  kW",200252,Kaunas
Opel Astra,2019-03,Hečbekas,8469,Dyzelinas,Mechaninė,"1.6 l.,         81  kW",139000,Kaunas
Opel Astra,2020-08,Universalas,8550,Dyzelinas,Mechaninė,"1.5 l.,         77  kW",214000,Kretinga
Opel Astra,2020-09,Hečbekas,8591,Dyzelinas,Mechaninė,"1.5 l.,         77  kW",189900,Vilnius
Opel Astra,2019-06,Universalas,8650,Dyzelinas,Mechaninė,"1.6 l.,         81  kW",144000,Rokiškis
Opel Astra,2019-02,Universalas,8900,Dyzelinas,Mechaninė,"1.6 l.,         100  kW",145000,Marijampolė
Opel Astra,2017,Hečbekas,8900,Dyzelinas,Mechaninė,"1.6 l.,         70  kW",188961,Kaunas
Opel Astra,2019-12,Universalas,8900,Dyzelinas,Automatinė,"1.5 l.,         90  kW",152000,Kaunas
Opel Astra,2019-10,Universalas,8954,Benzinas,Mechaninė,"1.0 l.,         77  kW",158000,Kaunas
Opel Astra,2017-06,Universalas,9000,Dyzelinas,Mechaninė,"1.6 l.,         100  kW",200500,Kaunas
Opel Astra,2020-05,Universalas,9100,Dyzelinas,Mechaninė,"1.5 l.,         90  kW",239000,Vilnius
Opel Astra,2020-10,Universalas,9317,Benzinas,Mechaninė,"1.2 l.,         81  kW",183000,Kaunas
Opel Astra,2016-08,Hečbekas,9500,Benzinas,Automatinė,"1.0 l.,         77  kW",165996,Klaipėda
Opel Astra,2020-12,Universalas,9600,Benzinas,Mechaninė,"1.2 l.,         107  kW",188600,Marijampolė
Opel Astra,2020-05,Universalas,10648,Dyzelinas,Mechaninė,"1.5 l.,         90  kW",155000,Marijampolė
Opel Astra,2020-04,Universalas,10650,Dyzelinas,Mechaninė,"1.5 l.,         90  kW",142387,Vilnius
Opel Astra,2020-12,Universalas,10709,Dyzelinas,Automatinė,"1.5 l.,         90  kW",179300,Vilnius
Opel Astra,2020-12,Universalas,10850,Dyzelinas,Automatinė,"1.5 l.,         90  kW",147000,Vilnius
Opel Astra,2017-05,Hečbekas,10900,Benzinas,Mechaninė,"1.6 l.,         147  kW",127838,Vilnius
Opel Astra,2018-05,Universalas,10900,Dyzelinas,Automatinė,"1.6 l.,         100  kW",83939,Vilnius
Opel Astra,2020-08,Hečbekas,10900,Benzinas,Mechaninė,"1.2 l.,         96  kW",55000,Telšiai
Opel Astra,2017-08,Hečbekas,11900,Benzinas,Mechaninė,"1.4 l.,         92  kW",52500,Klaipėda
Opel Astra,2017-03,Universalas,12551,Benzinas,Automatinė,"1.4 l.,         110  kW",149930,Klaipėda
Opel Astra,2020-10,Universalas,12693,Dyzelinas,Automatinė,"1.5 l.,         90  kW",111600,Vilnius
Opel Astra,2016-04,Hečbekas,23490,Benzinas,Mechaninė,"2.0 l.,         206  kW",32000,Vilnius
Opel Astra,2011-12,Universalas,1000,Dyzelinas,Mechaninė,"1.3 l.,         70  kW",250000,Tauragė
Opel Astra,2013-11,Hečbekas,1300,Dyzelinas,Mechaninė,"1.7 l.,         96  kW",208932,Kaunas
Opel Astra,2010-04,Hečbekas,2100,Dyzelinas,Mechaninė,"2.0 l.,         118  kW",136000,Vilnius
Opel Astra,2011-01,Hečbekas,2100,Dyzelinas,Mechaninė,"1.7 l.,         81  kW",199854,Vilnius
Opel Astra,2011,Universalas,2700,Dyzelinas,Mechaninė,"1.7 l.,",220000,Tauragė
Opel Astra,2011-06,Universalas,2750,Dyzelinas,Mechaninė,"2.0 l.,         118  kW",192000,Kaunas
Opel Astra,2017,Hečbekas,2799,Benzinas,Mechaninė,"1.4 l.,         74  kW",168000,Jonava
Opel Astra,2012-03,Universalas,2950,Dyzelinas,Mechaninė,"1.7 l.,         81  kW",236179,Ukmergė
Opel Astra,2011-05,Hečbekas,2999,Benzinas,Mechaninė,"1.6 l.,         85  kW",135000,Vilnius
Opel Astra,2011-06,Hečbekas,3000,Benzinas,Mechaninė,"1.4 l.,         103  kW",191000,Vilnius
Opel Astra,2010-07,Hečbekas,3090,Dyzelinas,Mechaninė,"2.0 l.,         118  kW",317000,Panevėžys
Opel Astra,2013-05,Universalas,3200,Benzinas,Mechaninė,"1.4 l.,         103  kW",153500,Vilnius
Opel Astra,2010-03,Hečbekas,3250,Dyzelinas,Mechaninė,"1.7 l.,         81  kW",262500,Kaunas
Opel Astra,2012-11,Universalas,3250,Dyzelinas,Mechaninė,"1.7 l.,         81  kW",274382,Kaunas
Opel Astra,2012-11,Universalas,3295,Benzinas / dujos,Mechaninė,"1.6 l.,         85  kW",217607,Kretinga
Opel Astra,2010-01,Hečbekas,3300,Dyzelinas,Mechaninė,"1.7 l.,         92  kW",334100,Kaunas
Opel Astra,2010-12,Hečbekas,3350,Dyzelinas,Mechaninė,"1.7 l.,         81  kW",226000,Kaunas
Opel Astra,2011-12,Universalas,3350,Dyzelinas,Mechaninė,"1.7 l.,         81  kW",264000,Radviliškis
Opel Astra,2011-12,Universalas,3400,Dyzelinas,Mechaninė,"1.3 l.,         70  kW",197000,Kaunas
Opel Astra,2011,Hečbekas,3400,Dyzelinas,Mechaninė,"1.7 l.,         81  kW",207100,Vilnius
Opel Astra,2011,Universalas,3450,Benzinas,Mechaninė,"1.4 l.,         88  kW",160000,Marijampolė
Opel Astra,2011-03,Hečbekas,3450,Dyzelinas,Mechaninė,"1.3 l.,         70  kW",323000,Šiauliai
Opel Astra,2011-05,Hečbekas,3599,Dyzelinas,Mechaninė,"1.7 l.,         92  kW",207456,Kaunas
Opel Astra,2013-07,Universalas,3600,Dyzelinas,Mechaninė,"1.7 l.,         81  kW",294432,Šiauliai
Opel Astra,2010-10,Hečbekas,3650,Benzinas,Mechaninė,"1.6 l.,         85  kW",99885,Marijampolė
Opel Astra,2011-08,Universalas,3700,Benzinas,Mechaninė,"1.4 l.,         103  kW",204000,Kaunas
Opel Astra,2011,Universalas,3700,Dyzelinas,Mechaninė,"2.0 l.,",240000,Tauragė
Opel Astra,2010-11,Hečbekas,3750,Benzinas,Mechaninė,"1.4 l.,         103  kW",150000,Kaunas
Opel Astra,2012,Hečbekas,3800,Dyzelinas,Mechaninė,"1.7 l.,         81  kW",168565,Kaunas
Opel Astra,2011-07,Universalas,3800,Dyzelinas,Mechaninė,"1.7 l.,         81  kW",202000,Šiauliai
Opel Astra,2013-09,Hečbekas,3800,Dyzelinas,Mechaninė,"1.7 l.,         81  kW",276000,Kuršėnai
Opel Astra,2012-06,Universalas,3850,Dyzelinas,Mechaninė,"1.7 l.,         92  kW",284000,Šiauliai
Opel Astra,2012-06,Universalas,3900,Dyzelinas,Mechaninė,"1.7 l.,         81  kW",193000,Šiauliai
Opel Astra,2012-10,Hečbekas,3950,Dyzelinas,Mechaninė,"1.7 l.,         81  kW",244778,Jurbarkas
Opel Astra,2011-06,Universalas,3990,Dyzelinas,Mechaninė,"1.7 l.,         81  kW",153000,Klaipėda
Opel Astra,2011-05,Hečbekas,3999,Dyzelinas,Mechaninė,"1.7 l.,         81  kW",330000,Kretinga
Opel Astra,2010-10,Hečbekas,3999,Benzinas,Mechaninė,"1.6 l.,         85  kW",216741,Marijampolė
Opel Astra,2011,Hečbekas,4000,Dyzelinas,Mechaninė,"2.0 l.,         118  kW",263000,Jurbarkas
Opel Astra,2012-10,Universalas,4100,Dyzelinas,Mechaninė,"1.7 l.,         96  kW",263251,Kretinga
Opel Astra,2012-05,Kupė (Coupe),4200,Dyzelinas,Mechaninė,"1.7 l.,         96  kW",225700,Šiauliai
Opel Astra,2015-05,Universalas,4300,Dyzelinas,Mechaninė,"1.6 l.,         81  kW",315000,Vilnius
Opel Astra,2012-09,Hečbekas,4350,Dyzelinas,Mechaninė,"1.7 l.,         81  kW",240000,Šiauliai
Opel Astra,2015-09,Hečbekas,4450,Dyzelinas,Mechaninė,"1.6 l.,         81  kW",202147,Kaunas
Opel Astra,2012-11,Universalas,4450,Dyzelinas,Automatinė,"2.0 l.,         121  kW",261000,Kaunas
Opel Astra,2013-08,Universalas,4600,Dyzelinas,Mechaninė,"1.7 l.,         81  kW",171000,Alytus
Opel Astra,2012-08,Universalas,4600,Benzinas,Automatinė,"1.4 l.,         103  kW",201700,Vilnius
Opel Astra,2012-10,Hečbekas,4650,Dyzelinas,Mechaninė,"1.7 l.,         81  kW",256000,Kaunas
Opel Astra,2011-06,Universalas,4700,Dyzelinas,Mechaninė,"1.7 l.,         81  kW",219000,Šiauliai
Opel Astra,2013-02,Hečbekas,4700,Benzinas,Mechaninė,"1.4 l.,         74  kW",150230,Vilnius
Opel Astra,2014-01,Universalas,4700,Dyzelinas,Mechaninė,"2.0 l.,         121  kW",212000,Kaunas
Opel Astra,2011-09,Universalas,4800,Dyzelinas,Mechaninė,"1.7 l.,         81  kW",148000,Šiauliai
Opel Astra,2013-08,Hečbekas,4800,Benzinas,Mechaninė,"1.4 l.,         88  kW",176000,Marijampolė
Opel Astra,2014-09,Universalas,4850,Dyzelinas,Automatinė,"2.0 l.,         121  kW",215300,Utena
Opel Astra,2013-11,Universalas,4850,Dyzelinas,Mechaninė,"1.7 l.,         81  kW",168000,Vilnius
Opel Astra,2010-12,Hečbekas,4850,Dyzelinas,Automatinė,"2.0 l.,         118  kW",230000,Vilkaviškis
Opel Astra,2015-01,Universalas,4900,Dyzelinas,Mechaninė,"1.6 l.,         81  kW",202300,Vilnius
Opel Astra,2015-06,Sedanas,4999,Dyzelinas,Mechaninė,"1.6 l.,         81  kW",193598,Panevėžys
Opel Astra,2010-06,Hečbekas,5000,Benzinas,Automatinė,"1.6 l.,         132  kW",203700,Vilkaviškis
Opel Astra,2016-06,Universalas,5000,Dyzelinas,Mechaninė,"1.6 l.,         81  kW",237000,Kaunas
Opel Astra,2015-10,Universalas,5000,Dyzelinas,Mechaninė,"1.6 l.,         81  kW",230000,Utena
Opel Astra,2016,Hečbekas,5100,Benzinas,Mechaninė,"1.4 l.,         110  kW",404000,Rokiškis
Opel Astra,2018-08,Universalas,5199,Benzinas,Mechaninė,"1.0 l.,         77  kW",207000,Vilnius
Opel Astra,2011-01,Hečbekas,5200,Benzinas,Automatinė,"1.8 l.,         132  kW",151000,Jonava
Opel Astra,2015-12,Universalas,5250,Dyzelinas,Mechaninė,"1.6 l.,         81  kW",270000,Alytus
Opel Astra,2015-11,Hečbekas,5300,Dyzelinas,Mechaninė,"1.6 l.,         75  kW",220000,Šiauliai
Opel Astra,2012-03,Kupė (Coupe),5300,Dyzelinas,Mechaninė,"1.7 l.,         81  kW",204000,Mažeikiai
Opel Astra,2014-05,Universalas,5350,Dyzelinas,Mechaninė,"1.7 l.,         81  kW",227000,Šiauliai
Opel Astra,2019-01,Universalas,5400,Dyzelinas,Automatinė,"1.6 l.,         100  kW",217959,Kaunas
Opel Astra,2020-08,Universalas,5400,Dyzelinas,Mechaninė,"1.5 l.,         77  kW",200000,Kaunas
Opel Astra,2015-07,Universalas,5600,Dyzelinas,Mechaninė,"1.6 l.,         100  kW",275000,Šiauliai
Opel Astra,2016-02,Universalas,5600,Dyzelinas,Mechaninė,"1.6 l.,         81  kW",256494,Marijampolė
Opel Astra,2019-09,Universalas,5750,Dyzelinas,Automatinė,"1.6 l.,         100  kW",158114,Kaunas
Opel Astra,2014-05,Hečbekas,5750,Dyzelinas,Mechaninė,"1.7 l.,         81  kW",169742,Jurbarkas
Opel Astra,2018-04,Universalas,5900,Dyzelinas,Mechaninė,"1.6 l.,         81  kW",257000,Tauragė
Opel Astra,2018-10,Universalas,6199,Dyzelinas,Mechaninė,"1.6 l.,         81  kW",223744,Tauragė
Opel Astra,2010-12,Hečbekas,6200,Benzinas,Automatinė,"1.6 l.,         132  kW",140000,Šiauliai
Opel Astra,2015-11,Hečbekas,6250,Dyzelinas,Mechaninė,"1.6 l.,         81  kW",250000,Kaunas
Opel Astra,2016-05,Hečbekas,6250,Dyzelinas,Mechaninė,"1.6 l.,         81  kW",170000,Tauragė
Opel Astra,2015-12,Hečbekas,6550,Dyzelinas,Mechaninė,"1.6 l.,         81  kW",167000,Vilnius
Opel Astra,2017-05,Universalas,6650,Dyzelinas,Mechaninė,"1.6 l.,         81  kW",284000,Pasvalys
Opel Astra,2017,Hečbekas,6655,Dyzelinas,Mechaninė,"1.6 l.,         81  kW",200000,Telšiai
Opel Astra,2016-09,Universalas,6700,Dyzelinas,Automatinė,"1.6 l.,         100  kW",212419,Marijampolė
Opel Astra,2017-05,Universalas,6700,Dyzelinas,Mechaninė,"1.6 l.,         81  kW",253000,Tauragė
Opel Astra,2019-12,Universalas,6900,Dyzelinas,Mechaninė,"1.5 l.,         77  kW",189000,Tauragė
Opel Astra,2017,Universalas,7000,Dyzelinas,Mechaninė,"1.6 l.,",209000,Tauragė
Opel Astra,2016-06,Hečbekas,7150,Benzinas,Mechaninė,"1.4 l.,         74  kW",160000,Šiauliai
Opel Astra,2017-01,Universalas,7150,Dyzelinas,Mechaninė,"1.6 l.,         81  kW",174000,Kaunas
Opel Astra,2015-10,Hečbekas,7300,Dyzelinas,Automatinė,"2.0 l.,         121  kW",164000,Mažeikiai
Opel Astra,2016-12,Universalas,7490,Dyzelinas,Mechaninė,"1.6 l.,         100  kW",191000,Kaunas
Opel Astra,2018-02,Universalas,7650,Dyzelinas,Mechaninė,"1.6 l.,         81  kW",205544,Kretinga
Opel Astra,2016-10,Universalas,7700,Dyzelinas,Mechaninė,"1.6 l.,         81  kW",182000,Tauragė
Opel Astra,2019-12,Hečbekas,7750,Dyzelinas,Mechaninė,"1.5 l.,         90  kW",202341,Tauragė
Opel Astra,2017-02,Universalas,7800,Dyzelinas,Automatinė,"1.6 l.,         100  kW",171500,Vilnius
Opel Astra,2016-11,Sedanas,8000,Benzinas,Automatinė,"1.4 l.,         103  kW",101000,Vilnius
Opel Astra,2018-03,Universalas,8000,Dyzelinas,Automatinė,"1.6 l.,         100  kW",247728,Vilnius
Opel Astra,2019-12,Universalas,8200,Dyzelinas,Mechaninė,"1.5 l.,",264126,Marijampolė
Opel Astra,2018-08,Universalas,8250,Dyzelinas,Mechaninė,"1.6 l.,         118  kW",262851,Šiauliai
Opel Astra,2019-10,Hečbekas,8550,Dyzelinas,Mechaninė,"1.6 l.,         100  kW",175000,Utena
Opel Astra,2017-11,Universalas,8700,Dyzelinas,Automatinė,"1.6 l.,         100  kW",249000,Panevėžys
Opel Astra,2018-05,Universalas,9075,Benzinas,Automatinė,"1.4 l.,         110  kW",130151,Vilnius
Opel Astra,2020-09,Universalas,9196,Dyzelinas,Mechaninė,"1.5 l.,         90  kW",176001,Marijampolė
Opel Astra,2016,Universalas,9500,Dyzelinas,Automatinė,"1.6 l.,         100  kW",229000,Marijampolė
Opel Astra,2016-12,Hečbekas,10200,Dyzelinas,Automatinė,"1.6 l.,         100  kW",235000,Tauragė
Opel Astra,2020-12,Universalas,10405,Dyzelinas,Mechaninė,"1.5 l.,         77  kW",131300,Kaunas
Opel Astra,2020-12,Universalas,10999,Dyzelinas,Automatinė,"1.5 l.,         90  kW",140669,Kaunas
Opel Astra,2020-06,Universalas,11200,Dyzelinas,Automatinė,"1.5 l.,         90  kW",132000,Vilnius
Opel Astra,2018-06,Universalas,11750,Dyzelinas,Mechaninė,"1.6 l.,         81  kW",140794,Šakiai
Opel Astra,2019-03,Hečbekas,11990,Benzinas,Mechaninė,"1.4 l.,         92  kW",110000,Kaunas
Opel Astra,2020,Hečbekas,12900,Benzinas,Mechaninė,"1.2 l.,         107  kW",30700,Kelmė
Opel Astra,2018-12,Universalas,14490,Benzinas,Automatinė,"1.4 l.,         110  kW",43000,Vilnius
Opel Astra,2010-06,Sedanas,1120,Benzinas,Mechaninė,"1.6 l.,         85  kW",184789,Šiauliai
Opel Astra,2010-06,Universalas,1600,Dyzelinas,Mechaninė,"1.9 l.,         74  kW",240904,Kaunas
Opel Astra,2015-07,Universalas,2050,Dyzelinas,Mechaninė,"2.0 l.,         121  kW",176000,Rokiškis
Opel Astra,2010-02,Universalas,2100,Benzinas / dujos,Mechaninė,"1.6 l.,         92  kW",207000,Marijampolė
Opel Astra,2011-04,Universalas,2150,Dyzelinas,Mechaninė,"1.7 l.,         81  kW",270000,Kaunas
Opel Astra,2010-06,Hečbekas,2200,Dyzelinas,Mechaninė,"2.0 l.,         118  kW",239464,Ukmergė
Opel Astra,2010-02,Universalas,2200,Dyzelinas,Mechaninė,"1.9 l.,         74  kW",260000,Šakiai
Opel Astra,2010,Hečbekas,2500,Dyzelinas,Mechaninė,"1.7 l.,         81  kW",218000,Šiauliai
Opel Astra,2010-12,Universalas,2650,Dyzelinas,Mechaninė,"1.7 l.,         81  kW",242000,Vilkaviškis
Opel Astra,2010-06,Universalas,2700,Dyzelinas,Mechaninė,"1.7 l.,         81  kW",194480,Vilnius
Opel Astra,2010-02,Universalas,2850,Dyzelinas,Mechaninė,"1.7 l.,         92  kW",279000,Kaunas
Opel Astra,2010-04,Universalas,2850,Benzinas,Mechaninė,"1.8 l.,         103  kW",250352,Tauragė
Opel Astra,2010-11,Universalas,2900,Dyzelinas,Mechaninė,"1.7 l.,         81  kW",206345,Radviliškis
Opel Astra,2012-01,Universalas,2950,Dyzelinas,Mechaninė,"1.7 l.,         92  kW",303000,Marijampolė
Opel Astra,2011-06,Universalas,2999,Dyzelinas,Mechaninė,"2.0 l.,         118  kW",274586,Vilnius
Opel Astra,2011-12,Hečbekas,2999,Dyzelinas,Mechaninė,"1.7 l.,         81  kW",300000,Rokiškis
Opel Astra,2012-07,Universalas,2999,Dyzelinas,Mechaninė,"1.7 l.,         81  kW",255000,Kupiškis
Opel Astra,2010,Hečbekas,2999,Benzinas,Mechaninė,"1.4 l.,         103  kW",199000,Utena
Opel Astra,2011-12,Hečbekas,2999,Dyzelinas,Mechaninė,"1.7 l.,         81  kW",220000,Kaunas
Opel Astra,2010-11,Hečbekas,3000,Dyzelinas,Mechaninė,"2.0 l.,         118  kW",259900,Kaunas
Opel Astra,2010-02,Hečbekas,3200,Dyzelinas,Mechaninė,"1.7 l.,         81  kW",225770,Vilnius
Opel Astra,2011-10,Universalas,3200,Dyzelinas,Automatinė,"2.0 l.,         118  kW",310000,Kaunas
Opel Astra,2011-12,Hečbekas,3250,Dyzelinas,Mechaninė,"1.3 l.,         70  kW",177000,Vilnius
Opel Astra,2010-09,Kabrioletas,3400,Benzinas,Mechaninė,"1.8 l.,         103  kW",125000,Kėdainiai
Opel Astra,2010-08,Hečbekas,3400,Benzinas,Mechaninė,"1.6 l.,         85  kW",239000,Marijampolė
Opel Astra,2015-10,Universalas,3400,Dyzelinas,Mechaninė,"1.6 l.,         81  kW",212300,Rokiškis
Opel Astra,2010-10,Hečbekas,3450,Dyzelinas,Mechaninė,"1.3 l.,         70  kW",274000,Tauragė
Opel Astra,2010-10,Hečbekas,3500,Dyzelinas,Mechaninė,"1.7 l.,         81  kW",207680,Panevėžys
Opel Astra,2010-08,Hečbekas,3500,Benzinas,Mechaninė,"1.4 l.,         103  kW",245192,Šiauliai
Opel Astra,2011-01,Hečbekas,3500,Dyzelinas,Mechaninė,"1.3 l.,         70  kW",272121,Vilnius
Opel Astra,2010-08,Hečbekas,3500,Dyzelinas,Mechaninė,"2.0 l.,         118  kW",287000,Kaunas
Opel Astra,2011,Universalas,3600,Benzinas,Mechaninė,"1.4 l.,         103  kW",195000,Panevėžys
Opel Astra,2010-12,Hečbekas,3600,Dyzelinas,Mechaninė,"1.7 l.,         81  kW",272700,Kaunas
Opel Astra,2011,Universalas,3650,Dyzelinas,Mechaninė,"1.7 l.,         81  kW",263000,Vilkaviškis
Opel Astra,2011-09,Universalas,3700,Dyzelinas,Mechaninė,"1.7 l.,         92  kW",295000,Klaipėda
Opel Astra,2010-11,Hečbekas,3750,Benzinas,Mechaninė,"1.6 l.,         85  kW",180000,Vilnius
Opel Astra,2011-05,Universalas,3750,Dyzelinas,Mechaninė,"1.7 l.,         81  kW",170000,Vilnius
Opel Astra,2012-06,Universalas,3750,Dyzelinas,Mechaninė,"1.7 l.,         81  kW",310395,Vilnius
Opel Astra,2011-07,Universalas,3799,Dyzelinas,Mechaninė,"1.3 l.,         70  kW",177749,Šakiai
Opel Astra,2011-12,Universalas,3800,Dyzelinas,Automatinė,"2.0 l.,         118  kW",193000,Utena
Opel Astra,2010-07,Hečbekas,3800,Dyzelinas,Mechaninė,"1.7 l.,         81  kW",222725,Ukmergė
Opel Astra,2011-05,Universalas,3850,Dyzelinas,Mechaninė,"2.0 l.,         118  kW",280000,Marijampolė
Opel Astra,2016-10,Universalas,3900,Dyzelinas,Mechaninė,"1.6 l.,         100  kW",353000,Panevėžys
Opel Astra,2013-01,Sedanas,3900,Dyzelinas,Mechaninė,"1.7 l.,         96  kW",170900,Vilnius
Opel Astra,2010-09,Hečbekas,3990,Dyzelinas,Mechaninė,"1.7 l.,         81  kW",252000,Šiauliai
Opel Astra,2014-02,Universalas,4000,Dyzelinas,Mechaninė,"1.7 l.,         81  kW",240000,Tauragė
Opel Astra,2010-05,Hečbekas,4000,Dyzelinas,Automatinė,"2.0 l.,         118  kW",280000,Plungė
Opel Astra,2013-04,Hečbekas,4000,Dyzelinas,Mechaninė,"1.7 l.,         81  kW",385700,Kaunas
Opel Astra,2012-12,Universalas,4099,Dyzelinas,Mechaninė,"1.7 l.,         81  kW",264100,Marijampolė
Opel Astra,2015-01,Hečbekas,4100,Benzinas,Mechaninė,"1.4 l.,         103  kW",159629,Marijampolė
Opel Astra,2012-08,Hečbekas,4100,Dyzelinas,Mechaninė,"1.7 l.,         81  kW",246583,Vilnius
Opel Astra,2011-10,Universalas,4150,Benzinas,Mechaninė,"1.6 l.,         85  kW",214526,Marijampolė
Opel Astra,2014-08,Hečbekas,4200,Dyzelinas,Mechaninė,"1.6 l.,         81  kW",157000,Vilnius
Opel Astra,2011-06,Hečbekas,4200,Dyzelinas,Mechaninė,"1.7 l.,         81  kW",225701,Vilnius
Opel Astra,2010-08,Hečbekas,4200,Benzinas,Mechaninė,"1.4 l.,         64  kW",167000,Kaunas
Opel Astra,2010,Hečbekas,4200,Benzinas,Mechaninė,"1.4 l.,         103  kW",220000,Pasvalys
Opel Astra,2012-11,Universalas,4250,Dyzelinas,Mechaninė,"1.7 l.,         96  kW",223000,Vilnius
Opel Astra,2012-04,Universalas,4399,Dyzelinas,Mechaninė,"1.7 l.,         81  kW",203000,Kėdainiai
Opel Astra,2010-05,Hečbekas,4400,Benzinas,Mechaninė,"1.6 l.,         132  kW",197283,Vilnius
Opel Astra,2010-05,Kabrioletas,4400,Dyzelinas,Mechaninė,"1.9 l.,         110  kW",280,Mažeikiai
Opel Astra,2014-09,Universalas,4465,Dyzelinas,Mechaninė,"1.6 l.,         81  kW",276500,Kaunas
Opel Astra,2011,Universalas,4500,Dyzelinas,Automatinė,"2.0 l.,         118  kW",170000,Kaunas
Opel Astra,2013,Universalas,4500,Dyzelinas,Mechaninė,"1.7 l.,         81  kW",175000,Utena
Opel Astra,2016-01,Universalas,4500,Benzinas,Mechaninė,"1.6 l.,         85  kW",181520,Kaunas
Opel Astra,2012-02,Universalas,4500,Dyzelinas,Mechaninė,"1.7 l.,         81  kW",227667,Kaunas
Opel Astra,2013-12,Universalas,4550,Dyzelinas,Mechaninė,"1.7 l.,         81  kW",187000,Šiauliai
Opel Astra,2013,Universalas,4600,Dyzelinas,Mechaninė,"1.7 l.,         81  kW",250000,Utena
Opel Astra,2013-04,Hečbekas,4600,Dyzelinas,Mechaninė,"1.7 l.,         81  kW",227000,Tauragė
Opel Astra,2012-01,Universalas,4600,Dyzelinas,Automatinė,"2.0 l.,         121  kW",256000,Vilnius
Opel Astra,2016-02,Universalas,4600,Dyzelinas,Mechaninė,"1.6 l.,         81  kW",237000,Ukmergė
Opel Astra,2016-07,Universalas,4650,Benzinas,Mechaninė,"1.4 l.,         74  kW",201000,Kaunas
Opel Astra,2013-04,Hečbekas,4650,Benzinas,Mechaninė,"1.6 l.,         85  kW",211000,Vilkaviškis
Opel Astra,2014-08,Universalas,4700,Dyzelinas,Mechaninė,"1.7 l.,         81  kW",212900,Kaunas
Opel Astra,2014-06,Universalas,4700,Dyzelinas,Mechaninė,"1.7 l.,         81  kW",258000,Pakruojis
Opel Astra,2010-12,Hečbekas,4790,Dyzelinas,Automatinė,"2.0 l.,         118  kW",195380,Klaipėda
Opel Astra,2011-01,Hečbekas,4799,Dyzelinas,Mechaninė,"2.0 l.,         118  kW",220065,Palanga
Opel Astra,2013-02,Universalas,4850,Benzinas,Mechaninė,"1.6 l.,         85  kW",132242,Marijampolė
Opel Astra,2013-12,Hečbekas,4899,Dyzelinas,Mechaninė,"1.7 l.,         74  kW",260000,Kaunas
Opel Astra,2012-04,Kupė (Coupe),4900,Dyzelinas,Mechaninė,"1.7 l.,         96  kW",223680,Kaunas
Opel Astra,2011,Hečbekas,4900,Dyzelinas,Mechaninė,"1.7 l.,         81  kW",210000,Kaunas
Opel Astra,2015-08,Hečbekas,4900,Dyzelinas,Mechaninė,"1.6 l.,         81  kW",230700,Vilnius
Opel Astra,2012-06,Hečbekas,4950,Benzinas / dujos,Automatinė,"1.6 l.,         85  kW",224531,Kaunas
Opel Astra,2012-07,Hečbekas,4999,Dyzelinas,Mechaninė,"1.7 l.,         96  kW",129870,Rokiškis
Opel Astra,2012-08,Universalas,4999,Benzinas,Automatinė,"1.4 l.,         103  kW",201700,Vilnius
Opel Astra,2014-12,Universalas,5050,Dyzelinas,Mechaninė,"1.6 l.,         81  kW",187373,Vilnius
Opel Astra,2014-12,Universalas,5100,Benzinas,Mechaninė,"1.4 l.,         103  kW",230000,Vilnius
Opel Astra,2016-03,Universalas,5100,Dyzelinas,Mechaninė,"1.6 l.,         81  kW",151000,Kaunas
Opel Astra,2013-05,Universalas,5100,Dyzelinas,Mechaninė,"1.7 l.,         81  kW",286000,Kretinga
Opel Astra,2013-10,Universalas,5150,Dyzelinas,Mechaninė,"1.7 l.,         81  kW",279837,Kuršėnai
Opel Astra,2013,Hečbekas,5200,Dyzelinas,Mechaninė,"1.7 l.,         81  kW",171000,Vilnius
Opel Astra,2015-03,Universalas,5550,Dyzelinas,Mechaninė,"1.6 l.,         81  kW",196000,Vilnius
Opel Astra,2015-12,Universalas,5550,Dyzelinas,Mechaninė,"1.6 l.,         81  kW",215000,Vilnius
Opel Astra,2016-03,Universalas,5600,Dyzelinas,Mechaninė,"1.6 l.,         100  kW",185650,Kaunas
Opel Astra,2014-03,Universalas,5600,Dyzelinas,Mechaninė,"1.6 l.,         81  kW",249000,Šiauliai
Opel Astra,2017-10,Universalas,5670,Dyzelinas,Mechaninė,"1.6 l.,         70  kW",191000,Vilnius
Opel Astra,2015-08,Universalas,5700,Dyzelinas,Mechaninė,"1.6 l.,         81  kW",124605,Mažeikiai
Opel Astra,2014-08,Universalas,5700,Dyzelinas,Mechaninė,"1.6 l.,         81  kW",241000,Panevėžys
Opel Astra,2013-01,Universalas,5700,Dyzelinas,Mechaninė,"1.3 l.,         70  kW",190550,Vilnius
Opel Astra,2010-08,Hečbekas,5800,Benzinas,Automatinė,"1.6 l.,         85  kW",95000,Kėdainiai
Opel Astra,2015-05,Universalas,5999,Dyzelinas,Mechaninė,"1.6 l.,         100  kW",221800,Alytus
Opel Astra,2018-02,Universalas,6299,Dyzelinas,Mechaninė,"1.6 l.,         81  kW",223000,Kaunas
Opel Astra,2016-11,Universalas,6400,Dyzelinas,Mechaninė,"1.6 l.,         81  kW",256000,Telšiai
Opel Astra,2019-12,Universalas,6500,Dyzelinas,Mechaninė,"1.6 l.,         100  kW",230000,Šiauliai
Opel Astra,2019-08,Hečbekas,6500,Dyzelinas,Mechaninė,"1.6 l.,",223000,Tauragė
Opel Astra,2015-10,Hečbekas,6500,Benzinas,Automatinė,"1.6 l.,         85  kW",254000,Akmenė
Opel Astra,2018-07,Universalas,6700,Dyzelinas,Mechaninė,"1.6 l.,         81  kW",209000,Kaunas
Opel Astra,2015,Universalas,6950,Benzinas,Mechaninė,"1.4 l.,         103  kW",180795,Vilnius
Opel Astra,2020,Universalas,6999,Benzinas,Mechaninė,"1.2 l.,         96  kW",260000,Utena
Opel Astra,2018-08,Universalas,7100,Dyzelinas,Mechaninė,"1.6 l.,         81  kW",205000,Rokiškis
Opel Astra,2014-06,Sedanas,7200,Benzinas,Mechaninė,"1.4 l.,         103  kW",79689,Klaipėda
Opel Astra,2016,Universalas,7200,Dyzelinas,Mechaninė,"1.6 l.,         81  kW",177100,Kaunas
Opel Astra,2017-07,Universalas,7400,Dyzelinas,Mechaninė,"1.6 l.,         81  kW",193000,Kaunas
Opel Astra,2016-12,Hečbekas,7400,Benzinas,Mechaninė,"1.4 l.,         92  kW",142000,Rokiškis
Opel Astra,2018-11,Universalas,7500,Dyzelinas,Mechaninė,"1.6 l.,         81  kW",140000,Kaunas
Opel Astra,2017-08,Universalas,7590,Dyzelinas,Mechaninė,"1.6 l.,         81  kW",270000,Šiauliai
Opel Astra,2018-05,Universalas,7650,Dyzelinas,Automatinė,"1.6 l.,         100  kW",155500,Tauragė
Opel Astra,2017-10,Universalas,7900,Dyzelinas,Mechaninė,"1.6 l.,         81  kW",139000,Tauragė
Opel Astra,2018-09,Universalas,8049,Dyzelinas,Mechaninė,"1.6 l.,         81  kW",149000,Panevėžys
Opel Astra,2017,Hečbekas,8100,Benzinas,Automatinė,"1.0 l.,         77  kW",113859,Šiauliai
Opel Astra,2016-10,Universalas,8150,Dyzelinas,Mechaninė,"1.6 l.,         100  kW",206351,Vilnius
Opel Astra,2016-08,Hečbekas,8300,Dyzelinas,Mechaninė,"1.6 l.,         118  kW",151000,Klaipėda
Opel Astra,2018-05,Universalas,8400,Dyzelinas,Automatinė,"1.6 l.,         100  kW",230000,Kaunas
Opel Astra,2016,Hečbekas,8900,Dyzelinas,Mechaninė,"1.6 l.,         100  kW",80730,Vilnius
Opel Astra,2019-05,Hečbekas,9500,Dyzelinas,Automatinė,"1.6 l.,         100  kW",195494,Vilnius
Opel Astra,2017-04,Universalas,10500,Benzinas,Automatinė,"1.4 l.,         110  kW",165600,Vilnius
Opel Astra,2017-05,Universalas,11799,Benzinas,Automatinė,"1.4 l.,         110  kW",244505,Vilnius
Opel Astra,2019,Universalas,12300,Benzinas,Mechaninė,"1.2 l.,         96  kW",32217,Kaunas
Opel Astra,2018,Universalas,1000,Dyzelinas,Mechaninė,"1.6 l.,         70  kW",300000,Vilnius
