Title,Year,Type,Price,Engine type,Gearbox_type,Milage,City,Engine,Power
Opel Astra,2011,Hečbekas,4500,Benzinas,Mechaninė,121000,Kaišiadorys,1600,85
Opel Astra,2010,Universalas,2150,Dyzelinas,Mechaninė,220000,Jurbarkas,1900,110
Opel Astra,2010,Hečbekas,2750,Benzinas,Mechaninė,110000,Kaunas,1600,85
Opel Astra,2011,Universalas,3000,Dyzelinas,Mechaninė,309960,Vilnius,1700,92
Opel Astra,2010,Hečbekas,3000,Benzinas,Mechaninė,160000,Kaunas,1400,103
Opel Astra,2010,Hečbekas,3200,Dyzelinas,Mechaninė,245000,Šiauliai,1700,92
Opel Astra,2011,Universalas,3490,Dyzelinas,Mechaninė,255000,Kaunas,1700,81
Opel Astra,2012,Universalas,3750,Dyzelinas,Mechaninė,276000,Kaunas,1700,81
Opel Astra,2011,Universalas,3800,Dyzelinas,Mechaninė,272796,Vilnius,1700,81
Opel Astra,2012,Hečbekas,3850,Dyzelinas,Mechaninė,253000,Utena,1700,81
Opel Astra,2011,Universalas,3950,Dyzelinas,Mechaninė,255400,Utena,1700,92
Opel Astra,2013,Universalas,3980,Dyzelinas,Mechaninė,215000,Marijampolė,1700,81
Opel Astra,2012,Universalas,4290,Dyzelinas,Mechaninė,240000,Utena,1700,92
Opel Astra,2010,Hečbekas,4299,Dyzelinas,Mechaninė,181830,Kretinga,1700,92
Opel Astra,2010,Hečbekas,4750,Dyzelinas,Mechaninė,200000,Vilnius,2000,118
Opel Astra,2012,Kupė (Coupe),4750,Benzinas,Mechaninė,214000,Ukmergė,1400,103
Opel Astra,2015,Universalas,4850,Benzinas / dujos,Mechaninė,210000,Kaunas,1400,103
Opel Astra,2011,Hečbekas,4950,Benzinas,Mechaninė,182337,Kaunas,1600,85
Opel Astra,2017,Universalas,5200,Dyzelinas,Mechaninė,260000,Tauragė,1600,81
Opel Astra,2015,Hečbekas,5250,Dyzelinas,Mechaninė,201000,Utena,1600,81
Opel Astra,2011,Hečbekas,5300,Benzinas,Automatinė,207000,Utena,1600,85
Opel Astra,2011,Universalas,5400,Benzinas,Automatinė,158537,Vilnius,1400,103
Opel Astra,2015,Universalas,5500,Dyzelinas,Automatinė,128113,Kaunas,2000,121
Opel Astra,2015,Universalas,5799,Dyzelinas,Mechaninė,191815,Kėdainiai,1600,81
Opel Astra,2016,Universalas,5950,Dyzelinas,Mechaninė,181000,Kaunas,1600,81
Opel Astra,2015,Universalas,5999,Dyzelinas,Mechaninė,268478,Kretinga,2000,121
Opel Astra,2016,Sedanas,6500,Benzinas,Mechaninė,100102,Plungė,1400,103
Opel Astra,2016,Universalas,6750,Dyzelinas,Mechaninė,246000,Kaunas,1600,81
Opel Astra,2017,Universalas,6897,Dyzelinas,Mechaninė,188000,Kaunas,1600,81
Opel Astra,2018,Universalas,6950,Dyzelinas,Mechaninė,232000,Kaunas,1600,81
Opel Astra,2019,Universalas,7750,Dyzelinas,Mechaninė,202000,Kretinga,1600,81
Opel Astra,2016,Hečbekas,7950,Dyzelinas,Mechaninė,134946,Kaunas,1600,81
Opel Astra,2017,Hečbekas,8000,Dyzelinas,Mechaninė,193305,Tauragė,1600,100
Opel Astra,2016,Universalas,8100,Dyzelinas,Mechaninė,216599,Vilnius,1600,81
Opel Astra,2019,Universalas,8349,Benzinas,Mechaninė,188000,Kaunas,1000,77
Opel Astra,2018,Universalas,8349,Dyzelinas,Mechaninė,197000,Kaunas,1600,100
Opel Astra,2018,Universalas,8349,Dyzelinas,Mechaninė,213000,Kaunas,1600,100
Opel Astra,2019,Universalas,8400,Benzinas,Mechaninė,200252,Kaunas,1400,110
Opel Astra,2019,Hečbekas,8469,Dyzelinas,Mechaninė,139000,Kaunas,1600,81
Opel Astra,2020,Universalas,8550,Dyzelinas,Mechaninė,214000,Kretinga,1500,77
Opel Astra,2020,Hečbekas,8591,Dyzelinas,Mechaninė,189900,Vilnius,1500,77
Opel Astra,2019,Universalas,8650,Dyzelinas,Mechaninė,144000,Rokiškis,1600,81
Opel Astra,2019,Universalas,8900,Dyzelinas,Mechaninė,145000,Marijampolė,1600,100
Opel Astra,2017,Hečbekas,8900,Dyzelinas,Mechaninė,188961,Kaunas,1600,70
Opel Astra,2019,Universalas,8900,Dyzelinas,Automatinė,152000,Kaunas,1500,90
Opel Astra,2019,Universalas,8954,Benzinas,Mechaninė,158000,Kaunas,1000,77
Opel Astra,2017,Universalas,9000,Dyzelinas,Mechaninė,200500,Kaunas,1600,100
Opel Astra,2020,Universalas,9100,Dyzelinas,Mechaninė,239000,Vilnius,1500,90
Opel Astra,2020,Universalas,9317,Benzinas,Mechaninė,183000,Kaunas,1200,81
Opel Astra,2016,Hečbekas,9500,Benzinas,Automatinė,165996,Klaipėda,1000,77
Opel Astra,2020,Universalas,9600,Benzinas,Mechaninė,188600,Marijampolė,1200,107
Opel Astra,2020,Universalas,10648,Dyzelinas,Mechaninė,155000,Marijampolė,1500,90
Opel Astra,2020,Universalas,10650,Dyzelinas,Mechaninė,142387,Vilnius,1500,90
Opel Astra,2020,Universalas,10709,Dyzelinas,Automatinė,179300,Vilnius,1500,90
Opel Astra,2020,Universalas,10850,Dyzelinas,Automatinė,147000,Vilnius,1500,90
Opel Astra,2017,Hečbekas,10900,Benzinas,Mechaninė,127838,Vilnius,1600,147
Opel Astra,2018,Universalas,10900,Dyzelinas,Automatinė,83939,Vilnius,1600,100
Opel Astra,2020,Hečbekas,10900,Benzinas,Mechaninė,55000,Telšiai,1200,96
Opel Astra,2017,Hečbekas,11900,Benzinas,Mechaninė,52500,Klaipėda,1400,92
Opel Astra,2017,Universalas,12551,Benzinas,Automatinė,149930,Klaipėda,1400,110
Opel Astra,2020,Universalas,12693,Dyzelinas,Automatinė,111600,Vilnius,1500,90
Opel Astra,2016,Hečbekas,23490,Benzinas,Mechaninė,32000,Vilnius,2000,206
Opel Astra,2011,Universalas,1000,Dyzelinas,Mechaninė,250000,Tauragė,1300,70
Opel Astra,2013,Hečbekas,1300,Dyzelinas,Mechaninė,208932,Kaunas,1700,96
Opel Astra,2010,Hečbekas,2100,Dyzelinas,Mechaninė,136000,Vilnius,2000,118
Opel Astra,2011,Hečbekas,2100,Dyzelinas,Mechaninė,199854,Vilnius,1700,81
Opel Astra,2011,Universalas,2750,Dyzelinas,Mechaninė,192000,Kaunas,2000,118
Opel Astra,2017,Hečbekas,2799,Benzinas,Mechaninė,168000,Jonava,1400,74
Opel Astra,2012,Universalas,2950,Dyzelinas,Mechaninė,236179,Ukmergė,1700,81
Opel Astra,2011,Hečbekas,2999,Benzinas,Mechaninė,135000,Vilnius,1600,85
Opel Astra,2011,Hečbekas,3000,Benzinas,Mechaninė,191000,Vilnius,1400,103
Opel Astra,2010,Hečbekas,3090,Dyzelinas,Mechaninė,317000,Panevėžys,2000,118
Opel Astra,2013,Universalas,3200,Benzinas,Mechaninė,153500,Vilnius,1400,103
Opel Astra,2010,Hečbekas,3250,Dyzelinas,Mechaninė,262500,Kaunas,1700,81
Opel Astra,2012,Universalas,3250,Dyzelinas,Mechaninė,274382,Kaunas,1700,81
Opel Astra,2012,Universalas,3295,Benzinas / dujos,Mechaninė,217607,Kretinga,1600,85
Opel Astra,2010,Hečbekas,3300,Dyzelinas,Mechaninė,334100,Kaunas,1700,92
Opel Astra,2010,Hečbekas,3350,Dyzelinas,Mechaninė,226000,Kaunas,1700,81
Opel Astra,2011,Universalas,3350,Dyzelinas,Mechaninė,264000,Radviliškis,1700,81
Opel Astra,2011,Universalas,3400,Dyzelinas,Mechaninė,197000,Kaunas,1300,70
Opel Astra,2011,Hečbekas,3400,Dyzelinas,Mechaninė,207100,Vilnius,1700,81
Opel Astra,2011,Universalas,3450,Benzinas,Mechaninė,160000,Marijampolė,1400,88
Opel Astra,2011,Hečbekas,3450,Dyzelinas,Mechaninė,323000,Šiauliai,1300,70
Opel Astra,2011,Hečbekas,3599,Dyzelinas,Mechaninė,207456,Kaunas,1700,92
Opel Astra,2013,Universalas,3600,Dyzelinas,Mechaninė,294432,Šiauliai,1700,81
Opel Astra,2010,Hečbekas,3650,Benzinas,Mechaninė,99885,Marijampolė,1600,85
Opel Astra,2011,Universalas,3700,Benzinas,Mechaninė,204000,Kaunas,1400,103
Opel Astra,2010,Hečbekas,3750,Benzinas,Mechaninė,150000,Kaunas,1400,103
Opel Astra,2012,Hečbekas,3800,Dyzelinas,Mechaninė,168565,Kaunas,1700,81
Opel Astra,2011,Universalas,3800,Dyzelinas,Mechaninė,202000,Šiauliai,1700,81
Opel Astra,2013,Hečbekas,3800,Dyzelinas,Mechaninė,276000,Kuršėnai,1700,81
Opel Astra,2012,Universalas,3850,Dyzelinas,Mechaninė,284000,Šiauliai,1700,92
Opel Astra,2012,Universalas,3900,Dyzelinas,Mechaninė,193000,Šiauliai,1700,81
Opel Astra,2012,Hečbekas,3950,Dyzelinas,Mechaninė,244778,Jurbarkas,1700,81
Opel Astra,2011,Universalas,3990,Dyzelinas,Mechaninė,153000,Klaipėda,1700,81
Opel Astra,2011,Hečbekas,3999,Dyzelinas,Mechaninė,330000,Kretinga,1700,81
Opel Astra,2010,Hečbekas,3999,Benzinas,Mechaninė,216741,Marijampolė,1600,85
Opel Astra,2011,Hečbekas,4000,Dyzelinas,Mechaninė,263000,Jurbarkas,2000,118
Opel Astra,2012,Universalas,4100,Dyzelinas,Mechaninė,263251,Kretinga,1700,96
Opel Astra,2012,Kupė (Coupe),4200,Dyzelinas,Mechaninė,225700,Šiauliai,1700,96
Opel Astra,2015,Universalas,4300,Dyzelinas,Mechaninė,315000,Vilnius,1600,81
Opel Astra,2012,Hečbekas,4350,Dyzelinas,Mechaninė,240000,Šiauliai,1700,81
Opel Astra,2015,Hečbekas,4450,Dyzelinas,Mechaninė,202147,Kaunas,1600,81
Opel Astra,2012,Universalas,4450,Dyzelinas,Automatinė,261000,Kaunas,2000,121
Opel Astra,2013,Universalas,4600,Dyzelinas,Mechaninė,171000,Alytus,1700,81
Opel Astra,2012,Universalas,4600,Benzinas,Automatinė,201700,Vilnius,1400,103
Opel Astra,2012,Hečbekas,4650,Dyzelinas,Mechaninė,256000,Kaunas,1700,81
Opel Astra,2011,Universalas,4700,Dyzelinas,Mechaninė,219000,Šiauliai,1700,81
Opel Astra,2013,Hečbekas,4700,Benzinas,Mechaninė,150230,Vilnius,1400,74
Opel Astra,2014,Universalas,4700,Dyzelinas,Mechaninė,212000,Kaunas,2000,121
Opel Astra,2011,Universalas,4800,Dyzelinas,Mechaninė,148000,Šiauliai,1700,81
Opel Astra,2013,Hečbekas,4800,Benzinas,Mechaninė,176000,Marijampolė,1400,88
Opel Astra,2014,Universalas,4850,Dyzelinas,Automatinė,215300,Utena,2000,121
Opel Astra,2013,Universalas,4850,Dyzelinas,Mechaninė,168000,Vilnius,1700,81
Opel Astra,2010,Hečbekas,4850,Dyzelinas,Automatinė,230000,Vilkaviškis,2000,118
Opel Astra,2015,Universalas,4900,Dyzelinas,Mechaninė,202300,Vilnius,1600,81
Opel Astra,2015,Sedanas,4999,Dyzelinas,Mechaninė,193598,Panevėžys,1600,81
Opel Astra,2010,Hečbekas,5000,Benzinas,Automatinė,203700,Vilkaviškis,1600,132
Opel Astra,2016,Universalas,5000,Dyzelinas,Mechaninė,237000,Kaunas,1600,81
Opel Astra,2015,Universalas,5000,Dyzelinas,Mechaninė,230000,Utena,1600,81
Opel Astra,2016,Hečbekas,5100,Benzinas,Mechaninė,404000,Rokiškis,1400,110
Opel Astra,2018,Universalas,5199,Benzinas,Mechaninė,207000,Vilnius,1000,77
Opel Astra,2011,Hečbekas,5200,Benzinas,Automatinė,151000,Jonava,1800,132
Opel Astra,2015,Universalas,5250,Dyzelinas,Mechaninė,270000,Alytus,1600,81
Opel Astra,2015,Hečbekas,5300,Dyzelinas,Mechaninė,220000,Šiauliai,1600,75
Opel Astra,2012,Kupė (Coupe),5300,Dyzelinas,Mechaninė,204000,Mažeikiai,1700,81
Opel Astra,2014,Universalas,5350,Dyzelinas,Mechaninė,227000,Šiauliai,1700,81
Opel Astra,2019,Universalas,5400,Dyzelinas,Automatinė,217959,Kaunas,1600,100
Opel Astra,2020,Universalas,5400,Dyzelinas,Mechaninė,200000,Kaunas,1500,77
Opel Astra,2015,Universalas,5600,Dyzelinas,Mechaninė,275000,Šiauliai,1600,100
Opel Astra,2016,Universalas,5600,Dyzelinas,Mechaninė,256494,Marijampolė,1600,81
Opel Astra,2019,Universalas,5750,Dyzelinas,Automatinė,158114,Kaunas,1600,100
Opel Astra,2014,Hečbekas,5750,Dyzelinas,Mechaninė,169742,Jurbarkas,1700,81
Opel Astra,2018,Universalas,5900,Dyzelinas,Mechaninė,257000,Tauragė,1600,81
Opel Astra,2018,Universalas,6199,Dyzelinas,Mechaninė,223744,Tauragė,1600,81
Opel Astra,2010,Hečbekas,6200,Benzinas,Automatinė,140000,Šiauliai,1600,132
Opel Astra,2015,Hečbekas,6250,Dyzelinas,Mechaninė,250000,Kaunas,1600,81
Opel Astra,2016,Hečbekas,6250,Dyzelinas,Mechaninė,170000,Tauragė,1600,81
Opel Astra,2015,Hečbekas,6550,Dyzelinas,Mechaninė,167000,Vilnius,1600,81
Opel Astra,2017,Universalas,6650,Dyzelinas,Mechaninė,284000,Pasvalys,1600,81
Opel Astra,2017,Hečbekas,6655,Dyzelinas,Mechaninė,200000,Telšiai,1600,81
Opel Astra,2016,Universalas,6700,Dyzelinas,Automatinė,212419,Marijampolė,1600,100
Opel Astra,2017,Universalas,6700,Dyzelinas,Mechaninė,253000,Tauragė,1600,81
Opel Astra,2019,Universalas,6900,Dyzelinas,Mechaninė,189000,Tauragė,1500,77
Opel Astra,2016,Hečbekas,7150,Benzinas,Mechaninė,160000,Šiauliai,1400,74
Opel Astra,2017,Universalas,7150,Dyzelinas,Mechaninė,174000,Kaunas,1600,81
Opel Astra,2015,Hečbekas,7300,Dyzelinas,Automatinė,164000,Mažeikiai,2000,121
Opel Astra,2016,Universalas,7490,Dyzelinas,Mechaninė,191000,Kaunas,1600,100
Opel Astra,2018,Universalas,7650,Dyzelinas,Mechaninė,205544,Kretinga,1600,81
Opel Astra,2016,Universalas,7700,Dyzelinas,Mechaninė,182000,Tauragė,1600,81
Opel Astra,2019,Hečbekas,7750,Dyzelinas,Mechaninė,202341,Tauragė,1500,90
Opel Astra,2017,Universalas,7800,Dyzelinas,Automatinė,171500,Vilnius,1600,100
Opel Astra,2016,Sedanas,8000,Benzinas,Automatinė,101000,Vilnius,1400,103
Opel Astra,2018,Universalas,8000,Dyzelinas,Automatinė,247728,Vilnius,1600,100
Opel Astra,2018,Universalas,8250,Dyzelinas,Mechaninė,262851,Šiauliai,1600,118
Opel Astra,2019,Hečbekas,8550,Dyzelinas,Mechaninė,175000,Utena,1600,100
Opel Astra,2017,Universalas,8700,Dyzelinas,Automatinė,249000,Panevėžys,1600,100
Opel Astra,2018,Universalas,9075,Benzinas,Automatinė,130151,Vilnius,1400,110
Opel Astra,2020,Universalas,9196,Dyzelinas,Mechaninė,176001,Marijampolė,1500,90
Opel Astra,2016,Universalas,9500,Dyzelinas,Automatinė,229000,Marijampolė,1600,100
Opel Astra,2016,Hečbekas,10200,Dyzelinas,Automatinė,235000,Tauragė,1600,100
Opel Astra,2020,Universalas,10405,Dyzelinas,Mechaninė,131300,Kaunas,1500,77
Opel Astra,2020,Universalas,10999,Dyzelinas,Automatinė,140669,Kaunas,1500,90
Opel Astra,2020,Universalas,11200,Dyzelinas,Automatinė,132000,Vilnius,1500,90
Opel Astra,2018,Universalas,11750,Dyzelinas,Mechaninė,140794,Šakiai,1600,81
Opel Astra,2019,Hečbekas,11990,Benzinas,Mechaninė,110000,Kaunas,1400,92
Opel Astra,2020,Hečbekas,12900,Benzinas,Mechaninė,30700,Kelmė,1200,107
Opel Astra,2018,Universalas,14490,Benzinas,Automatinė,43000,Vilnius,1400,110
Opel Astra,2010,Sedanas,1120,Benzinas,Mechaninė,184789,Šiauliai,1600,85
Opel Astra,2010,Universalas,1600,Dyzelinas,Mechaninė,240904,Kaunas,1900,74
Opel Astra,2015,Universalas,2050,Dyzelinas,Mechaninė,176000,Rokiškis,2000,121
Opel Astra,2010,Universalas,2100,Benzinas / dujos,Mechaninė,207000,Marijampolė,1600,92
Opel Astra,2011,Universalas,2150,Dyzelinas,Mechaninė,270000,Kaunas,1700,81
Opel Astra,2010,Hečbekas,2200,Dyzelinas,Mechaninė,239464,Ukmergė,2000,118
Opel Astra,2010,Universalas,2200,Dyzelinas,Mechaninė,260000,Šakiai,1900,74
Opel Astra,2010,Hečbekas,2500,Dyzelinas,Mechaninė,218000,Šiauliai,1700,81
Opel Astra,2010,Universalas,2650,Dyzelinas,Mechaninė,242000,Vilkaviškis,1700,81
Opel Astra,2010,Universalas,2700,Dyzelinas,Mechaninė,194480,Vilnius,1700,81
Opel Astra,2010,Universalas,2850,Dyzelinas,Mechaninė,279000,Kaunas,1700,92
Opel Astra,2010,Universalas,2850,Benzinas,Mechaninė,250352,Tauragė,1800,103
Opel Astra,2010,Universalas,2900,Dyzelinas,Mechaninė,206345,Radviliškis,1700,81
Opel Astra,2012,Universalas,2950,Dyzelinas,Mechaninė,303000,Marijampolė,1700,92
Opel Astra,2011,Universalas,2999,Dyzelinas,Mechaninė,274586,Vilnius,2000,118
Opel Astra,2011,Hečbekas,2999,Dyzelinas,Mechaninė,300000,Rokiškis,1700,81
Opel Astra,2012,Universalas,2999,Dyzelinas,Mechaninė,255000,Kupiškis,1700,81
Opel Astra,2010,Hečbekas,2999,Benzinas,Mechaninė,199000,Utena,1400,103
Opel Astra,2011,Hečbekas,2999,Dyzelinas,Mechaninė,220000,Kaunas,1700,81
Opel Astra,2010,Hečbekas,3000,Dyzelinas,Mechaninė,259900,Kaunas,2000,118
Opel Astra,2010,Hečbekas,3200,Dyzelinas,Mechaninė,225770,Vilnius,1700,81
Opel Astra,2011,Universalas,3200,Dyzelinas,Automatinė,310000,Kaunas,2000,118
Opel Astra,2011,Hečbekas,3250,Dyzelinas,Mechaninė,177000,Vilnius,1300,70
Opel Astra,2010,Kabrioletas,3400,Benzinas,Mechaninė,125000,Kėdainiai,1800,103
Opel Astra,2010,Hečbekas,3400,Benzinas,Mechaninė,239000,Marijampolė,1600,85
Opel Astra,2015,Universalas,3400,Dyzelinas,Mechaninė,212300,Rokiškis,1600,81
Opel Astra,2010,Hečbekas,3450,Dyzelinas,Mechaninė,274000,Tauragė,1300,70
Opel Astra,2010,Hečbekas,3500,Dyzelinas,Mechaninė,207680,Panevėžys,1700,81
Opel Astra,2010,Hečbekas,3500,Benzinas,Mechaninė,245192,Šiauliai,1400,103
Opel Astra,2011,Hečbekas,3500,Dyzelinas,Mechaninė,272121,Vilnius,1300,70
Opel Astra,2010,Hečbekas,3500,Dyzelinas,Mechaninė,287000,Kaunas,2000,118
Opel Astra,2011,Universalas,3600,Benzinas,Mechaninė,195000,Panevėžys,1400,103
Opel Astra,2010,Hečbekas,3600,Dyzelinas,Mechaninė,272700,Kaunas,1700,81
Opel Astra,2011,Universalas,3650,Dyzelinas,Mechaninė,263000,Vilkaviškis,1700,81
Opel Astra,2011,Universalas,3700,Dyzelinas,Mechaninė,295000,Klaipėda,1700,92
Opel Astra,2010,Hečbekas,3750,Benzinas,Mechaninė,180000,Vilnius,1600,85
Opel Astra,2011,Universalas,3750,Dyzelinas,Mechaninė,170000,Vilnius,1700,81
Opel Astra,2012,Universalas,3750,Dyzelinas,Mechaninė,310395,Vilnius,1700,81
Opel Astra,2011,Universalas,3799,Dyzelinas,Mechaninė,177749,Šakiai,1300,70
Opel Astra,2011,Universalas,3800,Dyzelinas,Automatinė,193000,Utena,2000,118
Opel Astra,2010,Hečbekas,3800,Dyzelinas,Mechaninė,222725,Ukmergė,1700,81
Opel Astra,2011,Universalas,3850,Dyzelinas,Mechaninė,280000,Marijampolė,2000,118
Opel Astra,2016,Universalas,3900,Dyzelinas,Mechaninė,353000,Panevėžys,1600,100
Opel Astra,2013,Sedanas,3900,Dyzelinas,Mechaninė,170900,Vilnius,1700,96
Opel Astra,2010,Hečbekas,3990,Dyzelinas,Mechaninė,252000,Šiauliai,1700,81
Opel Astra,2014,Universalas,4000,Dyzelinas,Mechaninė,240000,Tauragė,1700,81
Opel Astra,2010,Hečbekas,4000,Dyzelinas,Automatinė,280000,Plungė,2000,118
Opel Astra,2013,Hečbekas,4000,Dyzelinas,Mechaninė,385700,Kaunas,1700,81
Opel Astra,2012,Universalas,4099,Dyzelinas,Mechaninė,264100,Marijampolė,1700,81
Opel Astra,2015,Hečbekas,4100,Benzinas,Mechaninė,159629,Marijampolė,1400,103
Opel Astra,2012,Hečbekas,4100,Dyzelinas,Mechaninė,246583,Vilnius,1700,81
Opel Astra,2011,Universalas,4150,Benzinas,Mechaninė,214526,Marijampolė,1600,85
Opel Astra,2014,Hečbekas,4200,Dyzelinas,Mechaninė,157000,Vilnius,1600,81
Opel Astra,2011,Hečbekas,4200,Dyzelinas,Mechaninė,225701,Vilnius,1700,81
Opel Astra,2010,Hečbekas,4200,Benzinas,Mechaninė,167000,Kaunas,1400,64
Opel Astra,2010,Hečbekas,4200,Benzinas,Mechaninė,220000,Pasvalys,1400,103
Opel Astra,2012,Universalas,4250,Dyzelinas,Mechaninė,223000,Vilnius,1700,96
Opel Astra,2012,Universalas,4399,Dyzelinas,Mechaninė,203000,Kėdainiai,1700,81
Opel Astra,2010,Hečbekas,4400,Benzinas,Mechaninė,197283,Vilnius,1600,132
Opel Astra,2010,Kabrioletas,4400,Dyzelinas,Mechaninė,280,Mažeikiai,1900,110
Opel Astra,2014,Universalas,4465,Dyzelinas,Mechaninė,276500,Kaunas,1600,81
Opel Astra,2011,Universalas,4500,Dyzelinas,Automatinė,170000,Kaunas,2000,118
Opel Astra,2013,Universalas,4500,Dyzelinas,Mechaninė,175000,Utena,1700,81
Opel Astra,2016,Universalas,4500,Benzinas,Mechaninė,181520,Kaunas,1600,85
Opel Astra,2012,Universalas,4500,Dyzelinas,Mechaninė,227667,Kaunas,1700,81
Opel Astra,2013,Universalas,4550,Dyzelinas,Mechaninė,187000,Šiauliai,1700,81
Opel Astra,2013,Universalas,4600,Dyzelinas,Mechaninė,250000,Utena,1700,81
Opel Astra,2013,Hečbekas,4600,Dyzelinas,Mechaninė,227000,Tauragė,1700,81
Opel Astra,2012,Universalas,4600,Dyzelinas,Automatinė,256000,Vilnius,2000,121
Opel Astra,2016,Universalas,4600,Dyzelinas,Mechaninė,237000,Ukmergė,1600,81
Opel Astra,2016,Universalas,4650,Benzinas,Mechaninė,201000,Kaunas,1400,74
Opel Astra,2013,Hečbekas,4650,Benzinas,Mechaninė,211000,Vilkaviškis,1600,85
Opel Astra,2014,Universalas,4700,Dyzelinas,Mechaninė,212900,Kaunas,1700,81
Opel Astra,2014,Universalas,4700,Dyzelinas,Mechaninė,258000,Pakruojis,1700,81
Opel Astra,2010,Hečbekas,4790,Dyzelinas,Automatinė,195380,Klaipėda,2000,118
Opel Astra,2011,Hečbekas,4799,Dyzelinas,Mechaninė,220065,Palanga,2000,118
Opel Astra,2013,Universalas,4850,Benzinas,Mechaninė,132242,Marijampolė,1600,85
Opel Astra,2013,Hečbekas,4899,Dyzelinas,Mechaninė,260000,Kaunas,1700,74
Opel Astra,2012,Kupė (Coupe),4900,Dyzelinas,Mechaninė,223680,Kaunas,1700,96
Opel Astra,2011,Hečbekas,4900,Dyzelinas,Mechaninė,210000,Kaunas,1700,81
Opel Astra,2015,Hečbekas,4900,Dyzelinas,Mechaninė,230700,Vilnius,1600,81
Opel Astra,2012,Hečbekas,4950,Benzinas / dujos,Automatinė,224531,Kaunas,1600,85
Opel Astra,2012,Hečbekas,4999,Dyzelinas,Mechaninė,129870,Rokiškis,1700,96
Opel Astra,2012,Universalas,4999,Benzinas,Automatinė,201700,Vilnius,1400,103
Opel Astra,2014,Universalas,5050,Dyzelinas,Mechaninė,187373,Vilnius,1600,81
Opel Astra,2014,Universalas,5100,Benzinas,Mechaninė,230000,Vilnius,1400,103
Opel Astra,2016,Universalas,5100,Dyzelinas,Mechaninė,151000,Kaunas,1600,81
Opel Astra,2013,Universalas,5100,Dyzelinas,Mechaninė,286000,Kretinga,1700,81
Opel Astra,2013,Universalas,5150,Dyzelinas,Mechaninė,279837,Kuršėnai,1700,81
Opel Astra,2013,Hečbekas,5200,Dyzelinas,Mechaninė,171000,Vilnius,1700,81
Opel Astra,2015,Universalas,5550,Dyzelinas,Mechaninė,196000,Vilnius,1600,81
Opel Astra,2015,Universalas,5550,Dyzelinas,Mechaninė,215000,Vilnius,1600,81
Opel Astra,2016,Universalas,5600,Dyzelinas,Mechaninė,185650,Kaunas,1600,100
Opel Astra,2014,Universalas,5600,Dyzelinas,Mechaninė,249000,Šiauliai,1600,81
Opel Astra,2017,Universalas,5670,Dyzelinas,Mechaninė,191000,Vilnius,1600,70
Opel Astra,2015,Universalas,5700,Dyzelinas,Mechaninė,124605,Mažeikiai,1600,81
Opel Astra,2014,Universalas,5700,Dyzelinas,Mechaninė,241000,Panevėžys,1600,81
Opel Astra,2013,Universalas,5700,Dyzelinas,Mechaninė,190550,Vilnius,1300,70
Opel Astra,2010,Hečbekas,5800,Benzinas,Automatinė,95000,Kėdainiai,1600,85
Opel Astra,2015,Universalas,5999,Dyzelinas,Mechaninė,221800,Alytus,1600,100
Opel Astra,2018,Universalas,6299,Dyzelinas,Mechaninė,223000,Kaunas,1600,81
Opel Astra,2016,Universalas,6400,Dyzelinas,Mechaninė,256000,Telšiai,1600,81
Opel Astra,2019,Universalas,6500,Dyzelinas,Mechaninė,230000,Šiauliai,1600,100
Opel Astra,2015,Hečbekas,6500,Benzinas,Automatinė,254000,Akmenė,1600,85
Opel Astra,2018,Universalas,6700,Dyzelinas,Mechaninė,209000,Kaunas,1600,81
Opel Astra,2015,Universalas,6950,Benzinas,Mechaninė,180795,Vilnius,1400,103
Opel Astra,2020,Universalas,6999,Benzinas,Mechaninė,260000,Utena,1200,96
Opel Astra,2018,Universalas,7100,Dyzelinas,Mechaninė,205000,Rokiškis,1600,81
Opel Astra,2014,Sedanas,7200,Benzinas,Mechaninė,79689,Klaipėda,1400,103
Opel Astra,2016,Universalas,7200,Dyzelinas,Mechaninė,177100,Kaunas,1600,81
Opel Astra,2017,Universalas,7400,Dyzelinas,Mechaninė,193000,Kaunas,1600,81
Opel Astra,2016,Hečbekas,7400,Benzinas,Mechaninė,142000,Rokiškis,1400,92
Opel Astra,2018,Universalas,7500,Dyzelinas,Mechaninė,140000,Kaunas,1600,81
Opel Astra,2017,Universalas,7590,Dyzelinas,Mechaninė,270000,Šiauliai,1600,81
Opel Astra,2018,Universalas,7650,Dyzelinas,Automatinė,155500,Tauragė,1600,100
Opel Astra,2017,Universalas,7900,Dyzelinas,Mechaninė,139000,Tauragė,1600,81
Opel Astra,2018,Universalas,8049,Dyzelinas,Mechaninė,149000,Panevėžys,1600,81
Opel Astra,2017,Hečbekas,8100,Benzinas,Automatinė,113859,Šiauliai,1000,77
Opel Astra,2016,Universalas,8150,Dyzelinas,Mechaninė,206351,Vilnius,1600,100
Opel Astra,2016,Hečbekas,8300,Dyzelinas,Mechaninė,151000,Klaipėda,1600,118
Opel Astra,2018,Universalas,8400,Dyzelinas,Automatinė,230000,Kaunas,1600,100
Opel Astra,2016,Hečbekas,8900,Dyzelinas,Mechaninė,80730,Vilnius,1600,100
Opel Astra,2019,Hečbekas,9500,Dyzelinas,Automatinė,195494,Vilnius,1600,100
Opel Astra,2017,Universalas,10500,Benzinas,Automatinė,165600,Vilnius,1400,110
Opel Astra,2017,Universalas,11799,Benzinas,Automatinė,244505,Vilnius,1400,110
Opel Astra,2019,Universalas,12300,Benzinas,Mechaninė,32217,Kaunas,1200,96
Opel Astra,2018,Universalas,1000,Dyzelinas,Mechaninė,300000,Vilnius,1600,70
